system,n,visit_MAE,visit_MAPE_percent,visit_pearson_r,visit_spearman_rho,callfreq_pearson_r,callfreq_spearman_rho
cyclic_workflow_20,20,92.50743044384924,26.917573333535422,0.9999224828001526,0.6613729675244497,0.9997554875630824,0.9988698433006282
demo_eight_class,8,148.3557692307692,48.09937768653365,0.7886934956342027,0.6546536707079772,0.9999955523568321,1.0
event_pipeline_16,16,92.30026128359144,35.03752832888868,0.9999520571871933,0.7542546827314036,0.99976062223968,0.999263351649567
layered_services_12,12,92.48597750367912,38.3938859607214,0.9999499226579507,0.6482845860294928,0.9997529306380187,1.0
plugin_platform_24,24,92.0,92.14460179714736,0.9877983099746365,0.9771592248293595,0.9997711642219075,0.9982547979719064
