pearson_r,spearman_rho,r2,metric,n
0.708802048429327,0.6940885340018318,0.5024003438576101,mq_speedup_based,750
-0.42414746670956066,-0.35084346093713925,0.17990107351613788,mq_traditional,750
0.42982607015921376,0.3508911307312647,0.18475045058851336,coupling,750
-0.42414746670956066,-0.35084346093713925,0.17990107351613788,cohesion,750
0.4974258034094592,0.5346426692566408,0.24743242989754594,graph_modularity,750
