{
  "n":750.0,
  "MAE":0.032426414,
  "RMSE":0.0412403734,
  "MAPE_percent":1.4486380156,
  "pearson_r":0.996379407,
  "spearman_rho":0.9946368107
}